aaa,aab,aac,aad,aae,aaf,aag,aah,aai,aaj,aak,aal
msys_aaaa_aaaa.aaa,aaa,CHAR,14        ,,,,Table ID,表ID,,,msys_aaaa_aaaa
msys_aaaa_aaaa.aab,aab,VARCHAR,50        ,,,,Source Of Data,数据来源,,,msys_aaaa_aaaa
msys_aaaa_aaaa.aac,aac,VARCHAR,200       ,,,,Original Table Name,原始表名,,,msys_aaaa_aaaa
msys_aaaa_aaaa.aad,aad,VARCHAR,50        ,,,,Created By,表结构创建人,,,msys_aaaa_aaaa
msys_aaaa_aaaa.aae,aae,DATE,,,,,Created On,创建时间,,,msys_aaaa_aaaa
msys_aaaa_aaaa.aaf,aaf,CHAR,3         ,,,,Primary Key,主键字段,,,msys_aaaa_aaaa
msys_aaaa_aaaa.aag,aag,CHAR,3         ,,,,No 1 Composite Index,第一复合索引字段,,,msys_aaaa_aaaa
msys_aaaa_aaaa.aah,aah,CHAR,3         ,,,,No 2 Composite Index,第二复合索引字段,,,msys_aaaa_aaaa
msys_aaaa_aaaa.aai,aai,CHAR,3         ,,,,No 3 Composite Index,第三复合索引字段,,,msys_aaaa_aaaa
msys_aaaa_aaaa.aaj,aaj,VARCHAR,200       ,,,,Table Description,表内容描述,,,msys_aaaa_aaaa
msys_aaaa_aaaa.aak,aak,SMALLINT,,,,,Table Layer,表的层级,,,msys_aaaa_aaaa
msys_aaaa_aaaa.aal,aal,VARCHAR,100       ,,,,Chinese Name,中文释义,,,msys_aaaa_aaaa
msys_aaaa_aaaa.aam,aam,VARCHAR,100       ,,,,English Name,英文释义,,,msys_aaaa_aaaa
msys_aaaa_aaab.aaa,aaa,CHAR,18        ,,,,Field ID,字段ID,,,msys_aaaa_aaab
msys_aaaa_aaab.aab,aab,CHAR,3         ,,,,Field Code,字段代码,,,msys_aaaa_aaab
msys_aaaa_aaab.aac,aac,VARCHAR,20        ,,,,Field Type,字段类型,,,msys_aaaa_aaab
msys_aaaa_aaab.aad,aad,CHAR,10        ,,,,Field Width,字段宽度,,,msys_aaaa_aaab
msys_aaaa_aaab.aae,aae,VARCHAR,10        ,,,,Precision,精度,,,msys_aaaa_aaab
msys_aaaa_aaab.aah,aah,VARCHAR,50        ,,,,English Name,英文释义,,,msys_aaaa_aaab
msys_aaaa_aaab.aai,aai,VARCHAR,50        ,,,,Chinese Name,中文释义,,,msys_aaaa_aaab
msys_aaaa_aaab.aaj,aaj,CHAR,18        ,,,,Referance Field,字段来源,,,msys_aaaa_aaab
msys_aaaa_aaab.aak,aak,CHAR,50        ,,,,Constraint,约束,,,msys_aaaa_aaab
msys_aaaa_aaab.aal,aal,CHAR,14        ,,,,Table ID,表ID,msys_aaaa_aaaa.aaa,,msys_aaaa_aaab
msys_aaaa_aaac.aaa,aaa,SMALLINT,,,,,Server Type ID,数据库类型ID,,,msys_aaaa_aaac
msys_aaaa_aaac.aab,aab,VARCHAR,20        ,,,,Server Type,数据库类型,,,msys_aaaa_aaac
msys_aaaa_aaad.aaa,aaa,SMALLINT,,,,,Server Type ID,数据库类型ID,msys_aaaa_aaac.aaa,,msys_aaaa_aaad
msys_aaaa_aaad.aab,aab,VARCHAR,10        ,,,,SQL Item,SQL选项,,,msys_aaaa_aaad
msys_aaaa_aaad.aac,aac,VARCHAR,50        ,,,,SQL Word,SQL关键字,,,msys_aaaa_aaad
msys_aaaa_aaae.aab,aab,SMALLINT,,,,,Server Type ID,数据库类型ID,msys_aaaa_aaac.aaa,,msys_aaaa_aaae
msys_aaaa_aaae.aac,aac,VARCHAR,250       ,,,,Connect String,链接字符串,,,msys_aaaa_aaae
msys_aaaa_aaag.aaa,aaa,CHAR,14        ,,,,View ID,视图ID,,,msys_aaaa_aaag
msys_aaaa_aaag.aab,aab,VARCHAR,100       ,,,,Created By,视图创建人,,,msys_aaaa_aaag
msys_aaaa_aaag.aac,aac,DATE,,,,,Created On,视图创建时间,,,msys_aaaa_aaag
msys_aaaa_aaag.aad,aad,VARCHAR,100       ,,,,Chinese Name,中文释义,,,msys_aaaa_aaag
msys_aaaa_aaag.aae,aae,VARCHAR,100       ,,,,English Name,英文释义,,,msys_aaaa_aaag
msys_aaaa_aaag.aaf,aaf,VARCHAR,200       ,,,,View Description,视图内容描述,,,msys_aaaa_aaag
msys_aaaa_aaag.aag,aag,TEXT,,,,,View SQL,视图语句,,,msys_aaaa_aaag
msys_aaaa_aaah.aab,aab,VARCHAR,50        ,,,,Role Name,角色名,,,msys_aaaa_aaah
msys_aaaa_aaah.aac,aac,VARCHAR,250       ,,,,Role Description,角色描述,,,msys_aaaa_aaah
msys_aaaa_aaah.aad,aad,BOOLEAN,,,,,Login,可登入,,,msys_aaaa_aaah
msys_aaaa_aaah.aae,aae,BOOLEAN,,,,,Create Role,可创建角色,,,msys_aaaa_aaah
msys_aaaa_aaah.aaf,aaf,VARCHAR,250       ,,,,Password,密码,,,msys_aaaa_aaah
msys_aaaa_aaai.aaa,aaa,VARCHAR,100       ,,,,User Name,用户名,,,msys_aaaa_aaai
msys_aaaa_aaai.aab,aab,VARCHAR,250       ,,,,Password,密码,,,msys_aaaa_aaai
msys_aaaa_aaai.aad,aad,BOOLEAN,,,,,Living,是否存活,,,msys_aaaa_aaai
msys_aaaa_aaai.aae,aae,CHAR,1         ,,,,Redundancy,冗余,,,msys_aaaa_aaai
msys_aaaa_aaai.aaf,aaf,CHAR,1         ,,,,Redundancy,冗余,,,msys_aaaa_aaai
msys_aaaa_aaai.aag,aag,CHAR,1         ,,,,Redundancy,冗余,,,msys_aaaa_aaai
msys_aaaa_aaai.aah,aah,CHAR,1         ,,,,Redundancy,冗余,,,msys_aaaa_aaai
msys_aaaa_aaai.aai,aai,CHAR,1         ,,,,Redundancy,冗余,,,msys_aaaa_aaai
msys_aaaa_aaai.aaj,aaj,CHAR,1         ,,,,Redundancy,冗余,,,msys_aaaa_aaai
msys_aaaa_aaai.aak,aak,CHAR,1         ,,,,Redundancy,冗余,,,msys_aaaa_aaai
msys_aaaa_aaai.aal,aal,CHAR,1         ,,,,Redundancy,冗余,,,msys_aaaa_aaai
msys_aaaa_aaaj.aaa,aaa,CHAR,18        ,,,,Field ID,字段ID,,,msys_aaaa_aaaj
msys_aaaa_aaaj.aab,aab,CHAR,3         ,,,,Field Code,字段代码,,,msys_aaaa_aaaj
msys_aaaa_aaaj.aac,aac,VARCHAR,250       ,,,,SELECT,选择已有字段,,,msys_aaaa_aaaj
msys_aaaa_aaaj.aad,aad,VARCHAR,250       ,,,,AS,字段释义,,,msys_aaaa_aaaj
msys_aaaa_aaaj.aae,aae,VARCHAR,250       ,,,,Chinese Table Name And Field,中文表名和中文字段,,,msys_aaaa_aaaj
msys_aaaa_aaaj.aaf,aaf,VARCHAR,250       ,,,,English Table Name And Field,英文表名和英文字段,,,msys_aaaa_aaaj
msys_aaaa_aaae.aaa,aaa,VARCHAR,20        ,,,,String ID,字符串ID,,,msys_aaaa_aaae
msys_aaaa_aaaf.aaa,aaa,CHAR,11        ,,,,Window Control ID,窗体控件ID,,,msys_aaaa_aaaf
msys_aaaa_aaah.aaa,aaa,CHAR,7         ,,,,Role ID,角色ID,,,msys_aaaa_aaah
msys_aaaa_aaaf.aab,aab,VARCHAR,30        ,,,,Chinese Name,中文释义,,,msys_aaaa_aaaf
msys_aaaa_aaaf.aac,aac,VARCHAR,100       ,,,,English Name,英文释义,,,msys_aaaa_aaaf
msys_aaaa_aaaf.aad,aad,CHAR,3         ,,,,WinRpt Control Type ID,窗体报表控件类型ID,msys_aaaa_aaat.aaa,,msys_aaaa_aaaf
msys_aaaa_aaaj.aag,aag,CHAR,14        ,,,,Selected Table,被选择的表,,,msys_aaaa_aaaj
msys_aaaa_aaaj.aah,aah,CHAR,3         ,,,,Selected Field,被选择的字段,,,msys_aaaa_aaaj
msys_aaaa_aaaj.aai,aai,VARCHAR,100       ,,,,Function,函数,,,msys_aaaa_aaaj
msys_aaaa_aaaj.aaj,aaj,VARCHAR,100       ,,,,Group,聚合,,,msys_aaaa_aaaj
msys_aaaa_aaaj.aak,aak,SMALLINT,,,,,Order,排序,,,msys_aaaa_aaaj
msys_aaaa_aaaj.aal,aal,BOOLEAN,,,,,Show,显示,,,msys_aaaa_aaaj
msys_aaaa_aaaj.aam,aam,VARCHAR,250       ,,,,WHERE_HAVING,条件,,,msys_aaaa_aaaj
msys_aaaa_aaaj.aan,aan,VARCHAR,250       ,,,,OR,或,,,msys_aaaa_aaaj
msys_aaaa_aaaj.aao,aao,VARCHAR,250       ,,,,OR2,或2,,,msys_aaaa_aaaj
msys_aaaa_aaaj.aap,aap,VARCHAR,250       ,,,,OR3,或3,,,msys_aaaa_aaaj
msys_aaaa_aaaj.aaq,aaq,VARCHAR,250       ,,,,OR4,或4,,,msys_aaaa_aaaj
msys_aaaa_aaaj.aar,aar,VARCHAR,250       ,,,,OR5,或5,,,msys_aaaa_aaaj
msys_aaaa_aaaj.aas,aas,CHAR,14        ,,,,View ID,视图ID,msys_aaaa_aaag.aaa,,msys_aaaa_aaaj
msys_aaaa_aaal.aaa,aaa,SMALLINT,,,,,Ribbon ID,功能区ID,,,msys_aaaa_aaal
msys_aaaa_aaal.aab,aab,VARCHAR,50        ,,,,Ribbon Name,功能区名称,,,msys_aaaa_aaal
msys_aaaa_aaal.aac,aac,TEXT,,,,,Ribbon XML,功能区XML,,,msys_aaaa_aaal
msys_aaaa_aaam.aaa,aaa,CHAR,7         ,,,,Tab ID,选项卡ID,,,msys_aaaa_aaam
msys_aaaa_aaam.aab,aab,VARCHAR,100       ,,,,English Name,英文释义,,,msys_aaaa_aaam
msys_aaaa_aaam.aac,aac,VARCHAR,100       ,,,,Chinese Name,中文释义,,,msys_aaaa_aaam
msys_aaaa_aaam.aad,aad,SMALLINT,,,,,Ribbon ID,功能区ID,msys_aaaa_aaal.aaa,,msys_aaaa_aaam
msys_aaaa_aaan.aaa,aaa,CHAR,11        ,,,,Group ID,组ID,,,msys_aaaa_aaan
msys_aaaa_aaan.aab,aab,VARCHAR,100       ,,,,English Name,英文释义,,,msys_aaaa_aaan
msys_aaaa_aaan.aac,aac,VARCHAR,100       ,,,,Chinese Name,中文释义,,,msys_aaaa_aaan
msys_aaaa_aaan.aad,aad,CHAR,7         ,,,,Tab ID,选项卡ID,msys_aaaa_aaam.aaa,,msys_aaaa_aaan
msys_aaaa_aaao.aaa,aaa,CHAR,15        ,,,,Control ID,控件ID,,,msys_aaaa_aaao
msys_aaaa_aaao.aab,aab,VARCHAR,100       ,,,,English Name,英文释义,,,msys_aaaa_aaao
msys_aaaa_aaao.aac,aac,VARCHAR,100       ,,,,Chinese Name,中文释义,,,msys_aaaa_aaao
msys_aaaa_aaao.aad,aad,CHAR,11        ,,,,Group ID,组ID,msys_aaaa_aaan.aaa,,msys_aaaa_aaao
msys_aaaa_aaao.aae,aae,VARCHAR,250       ,,,,Control Type,控件类型,,,msys_aaaa_aaao
msys_aaaa_aaao.aaf,aaf,BOOLEAN,,,,,Use,功能使用,,,msys_aaaa_aaao
msys_aaaa_aaao.aag,aag,VARCHAR,250       ,,,,ImageMsoID,图标ID,msys_aaaa_aaaq.aaa,,msys_aaaa_aaao
msys_aaaa_aaap.aaa,aaa,VARCHAR,50        ,,,,Signature ID,签名ID,,,msys_aaaa_aaap
msys_aaaa_aaap.aab,aab,VARCHAR,30        ,,,,Control Type,控件类型,,,msys_aaaa_aaap
msys_aaaa_aaap.aac,aac,VARCHAR,30        ,,,,Callback Function Type,回调函数类型,,,msys_aaaa_aaap
msys_aaaa_aaap.aad,aad,TEXT,,,,,Signature,签名,,,msys_aaaa_aaap
msys_aaaa_aaaq.aaa,aaa,VARCHAR,250       ,,,,ImageMsoID,图标ID,,,msys_aaaa_aaaq
msys_aaaa_aaar.aaa,aaa,CHAR,7         ,,,,Window ID,窗体ID,,,msys_aaaa_aaar
msys_aaaa_aaar.aab,aab,VARCHAR,100       ,,,,English Name,英文释义,,,msys_aaaa_aaar
msys_aaaa_aaar.aac,aac,VARCHAR,100       ,,,,Chinese Name,中文释义,,,msys_aaaa_aaar
msys_aaaa_aaar.aad,aad,VARCHAR,250       ,,,,Description,功能描述,,,msys_aaaa_aaar
msys_aaaa_aaas.aaa,aaa,CHAR,17        ,,,,Callback Function ID,回调函数ID,,,msys_aaaa_aaas
msys_aaaa_aaas.aab,aab,VARCHAR,50        ,,,,Signature ID,签名ID,msys_aaaa_aaap.aaa,,msys_aaaa_aaas
msys_aaaa_aaas.aac,aac,VARCHAR,200       ,,,,Callback Function Name,回调函数名,,,msys_aaaa_aaas
msys_aaaa_aaas.aad,aad,CHAR,15        ,,,,Control ID,控件ID,msys_aaaa_aaao.aaa,,msys_aaaa_aaas
msys_aaaa_aaau.aab,aab,CHAR,15        ,,,,Control ID,控件ID,msys_aaaa_aaao.aaa,,msys_aaaa_aaau
msys_aaaa_aaau.aac,aac,BOOLEAN,,,,,Apply,应用,,,msys_aaaa_aaau
msys_aaaa_aaau.aad,aad,VARCHAR,100       ,,,,Control Name,控件释义,,,msys_aaaa_aaau
msys_aaaa_aaav.aab,aab,CHAR,14        ,,,,Table ID,表ID,msys_aaaa_aaaa.aaa,,msys_aaaa_aaav
msys_aaaa_aaav.aai,aai,VARCHAR,100       ,,,,Table Note,表释义,,,msys_aaaa_aaav
msys_aaaa_aaaw.aab,aab,CHAR,18        ,,,,Field ID,字段ID,msys_aaaa_aaab.aaa,,msys_aaaa_aaaw
msys_aaaa_aaar.aae,aae,CHAR,14        ,,,,Data Source ID,数据源ID,,,msys_aaaa_aaar
msys_aaaa_aaau.aaa,aaa,CHAR,7         ,,,,Role ID,角色ID,msys_aaaa_aaah.aaa,,msys_aaaa_aaau
msys_aaaa_aaaw.aaa,aaa,CHAR,7         ,,,,Role ID,角色ID,msys_aaaa_aaah.aaa,,msys_aaaa_aaaw
msys_aaaa_aaaw.aad,aad,BOOLEAN,,,,,INSERT,INSERT,,,msys_aaaa_aaaw
msys_aaaa_aaat.aab,aab,VARCHAR,50        ,,,,WinRpt Control Type,窗体报表控件类型,,,msys_aaaa_aaat
msys_aaaa_aaaw.aae,aae,BOOLEAN,,,,,SELECT,SELECT,,,msys_aaaa_aaaw
msys_aaaa_aaav.aac,aac,BOOLEAN,,,,,ALL,ALL,,,msys_aaaa_aaav
msys_aaaa_aaaw.aac,aac,BOOLEAN,,,,,ALL,ALL,,,msys_aaaa_aaaw
msys_aaaa_aaav.aad,aad,BOOLEAN,,,,,INSERT,INSERT,,,msys_aaaa_aaav
msys_aaaa_aaav.aae,aae,BOOLEAN,,,,,SELECT,SELECT,,,msys_aaaa_aaav
msys_aaaa_aaav.aaf,aaf,BOOLEAN,,,,,UPDATE,UPDATE,,,msys_aaaa_aaav
msys_aaaa_aaav.aag,aag,BOOLEAN,,,,,DELETE,DELETE,,,msys_aaaa_aaav
msys_aaaa_aaav.aah,aah,BOOLEAN,,,,,TRIGGER,TRIGGER,,,msys_aaaa_aaav
msys_aaaa_aaak.aab,aab,VARCHAR,30        ,,,,Chinese Name,选中,,,msys_aaaa_aaak
msys_aaaa_aaat.aaa,aaa,CHAR,3         ,,,,WinRpt Control Type ID,窗体报表控件类型ID,,,msys_aaaa_aaat
msys_aaaa_aaak.aaa,aaa,CHAR,11        ,,,,Report Control ID,报表控件ID,,,msys_aaaa_aaak
msys_aaaa_aaak.aac,aac,VARCHAR,100       ,,,,English Name,已创建,,,msys_aaaa_aaak
msys_aaaa_aaaw.aag,aag,VARCHAR,100       ,,,,Field Name,字段释义,,,msys_aaaa_aaaw
msys_aaaa_aaax.aaa,aaa,VARCHAR,100       ,,,,User Name,用户名,msys_aaaa_aaai.aaa,,msys_aaaa_aaax
msys_aaaa_aaax.aab,aab,TIMESTAMP,,,,,Date Time,日期时间,,,msys_aaaa_aaax
msys_aaaa_aaax.aac,aac,CHAR,1         ,,,,Redundancy,冗余,,,msys_aaaa_aaax
msys_aaaa_aaax.aad,aad,CHAR,1         ,,,,Redundancy,冗余,,,msys_aaaa_aaax
msys_aaaa_aaaw.aaf,aaf,BOOLEAN,,,,,UPDATE,UPDATE,,,msys_aaaa_aaaw
msys_aaaa_aaab.aaf,aaf,VARCHAR,20        ,,,,Index Type,索引类型,,,msys_aaaa_aaab
msys_aaaa_aaab.aag,aag,CHAR,1         ,,,,Index Seq,索引顺序,,,msys_aaaa_aaab
dict_aaaa_aaaa.aaa,aaa,SMALLINT,,,,,product_category_id,产品类型编号,,,dict_aaaa_aaaa
dict_aaaa_aaaa.aab,aab,VARCHAR,10        ,,,,chinese_product_category,产品类型中文,,,dict_aaaa_aaaa
dict_aaaa_aaaa.aac,aac,VARCHAR,30        ,,,,english_product_category,产品类型英文,,,dict_aaaa_aaaa
dict_aaaa_aaaa.aad,aad,CHAR,1         ,,,,redundancy,冗余,,,dict_aaaa_aaaa
dict_aaaa_aaaa.aae,aae,CHAR,1         ,,,,redundancy,冗余,,,dict_aaaa_aaaa
dict_aaaa_aaaa.aaf,aaf,CHAR,1         ,,,,redundancy,冗余,,,dict_aaaa_aaaa
dict_aaaa_aaab.aaa,aaa,SMALLINT,,,,,product_facilities_id,产品使用范围编号,,,dict_aaaa_aaab
dict_aaaa_aaab.aab,aab,VARCHAR,10        ,,,,chinese_facilities,产品使用范围中文,,,dict_aaaa_aaab
dict_aaaa_aaab.aac,aac,VARCHAR,30        ,,,,english_facilities,产品使用范围英文,,,dict_aaaa_aaab
dict_aaaa_aaab.aad,aad,CHAR,1         ,,,,redundancy,冗余,,,dict_aaaa_aaab
dict_aaaa_aaab.aae,aae,CHAR,1         ,,,,redundancy,冗余,,,dict_aaaa_aaab
dict_aaaa_aaab.aaf,aaf,CHAR,1         ,,,,redundancy,冗余,,,dict_aaaa_aaab
dict_aaaa_aaac.aaa,aaa,VARCHAR,30        ,,,,product_line_id,产品线编号,,,dict_aaaa_aaac
dict_aaaa_aaac.aab,aab,VARCHAR,200       ,,,,product_line_desc,产品线描述,,,dict_aaaa_aaac
dict_aaaa_aaac.aac,aac,SMALLINT,,,,,product_category_id,产品类型编号,dict_aaaa_aaaa.aaa,,dict_aaaa_aaac
dict_aaaa_aaac.aad,aad,CHAR,1         ,,,,redundancy,冗余,,,dict_aaaa_aaac
dict_aaaa_aaac.aae,aae,CHAR,1         ,,,,redundancy,冗余,,,dict_aaaa_aaac
dict_aaaa_aaac.aaf,aaf,CHAR,1         ,,,,redundancy,冗余,,,dict_aaaa_aaac
dict_aaaa_aaad.aaa,aaa,SMALLINT,,,,,unit_id,电梯部件编号,,,dict_aaaa_aaad
dict_aaaa_aaad.aab,aab,VARCHAR,2         ,,,,chinese_unit_of_elevator,电梯部件中文,,,dict_aaaa_aaad
dict_aaaa_aaad.aac,aac,VARCHAR,20        ,,,,english_unit_of_elevator,电梯部件英文,,,dict_aaaa_aaad
dict_aaaa_aaad.aad,aad,CHAR,1         ,,,,redundancy,冗余,,,dict_aaaa_aaad
dict_aaaa_aaad.aae,aae,CHAR,1         ,,,,redundancy,冗余,,,dict_aaaa_aaad
dict_aaaa_aaad.aaf,aaf,CHAR,1         ,,,,redundancy,冗余,,,dict_aaaa_aaad
dict_aaaa_aaae.aaa,aaa,CHAR,2         ,,,,module_id,组件编号,,,dict_aaaa_aaae
dict_aaaa_aaae.aab,aab,VARCHAR,10        ,,,,module_chinese,组件中文,,,dict_aaaa_aaae
dict_aaaa_aaae.aac,aac,VARCHAR,100       ,,,,module_english,组件英文,,,dict_aaaa_aaae
dict_aaaa_aaae.aad,aad,SMALLINT,,,,,unit_id,电梯部件编号,dict_aaaa_aaad.aaa,,dict_aaaa_aaae
dict_aaaa_aaae.aae,aae,CHAR,1         ,,,,redundancy,冗余,,,dict_aaaa_aaae
dict_aaaa_aaae.aaf,aaf,CHAR,1         ,,,,redundancy,冗余,,,dict_aaaa_aaae
dict_aaaa_aaae.aag,aag,CHAR,1         ,,,,redundancy,冗余,,,dict_aaaa_aaae
dict_aaaa_aaaf.aaa,aaa,SMALLINT,,,,,function_id,功能编号,,,dict_aaaa_aaaf
dict_aaaa_aaaf.aab,aab,VARCHAR,50        ,,,,special_function,选装功能,,,dict_aaaa_aaaf
dict_aaaa_aaaf.aac,aac,CHAR,1         ,,,,redundancy,冗余,,,dict_aaaa_aaaf
dict_aaaa_aaaf.aad,aad,CHAR,1         ,,,,redundancy,冗余,,,dict_aaaa_aaaf
dict_aaaa_aaaf.aae,aae,CHAR,1         ,,,,redundancy,冗余,,,dict_aaaa_aaaf
dict_aaaa_aaag.aaa,aaa,REAL,,,,,nominal_speed,额度速度,,,dict_aaaa_aaag
dict_aaaa_aaag.aab,aab,SMALLINT,,,,1,nominal_speed_level,速度等级,,,dict_aaaa_aaag
dict_aaaa_aaag.aac,aac,REAL,,,,,max_accelerated_speed,最大加速度,,,dict_aaaa_aaag
dict_aaaa_aaag.aad,aad,REAL,,,,,min_accelerated_speed,最小加速度,,,dict_aaaa_aaag
dict_aaaa_aaag.aae,aae,CHAR,1         ,,,,redundancy,冗余,,,dict_aaaa_aaag
dict_aaaa_aaag.aaf,aaf,CHAR,1         ,,,,redundancy,冗余,,,dict_aaaa_aaag
dict_aaaa_aaag.aag,aag,CHAR,1         ,,,,redundancy,冗余,,,dict_aaaa_aaag
dict_aaaa_aaah.aaa,aaa,VARCHAR,30        ,,,,product_id,产品编码,dict_aaaa_aaai.aaa,,dict_aaaa_aaah
dict_aaaa_aaah.aab,aab,CHAR,2         ,,,3,alpha2_code,ALPHA2国家编码,dict_aaaa_aabi.aaa,,dict_aaaa_aaah
dict_aaaa_aaah.aac,aac,CHAR,20        ,,,1,city,城市,,,dict_aaaa_aaah
dict_aaaa_aaah.aad,aad,CHAR,,,,,address,地址,,,dict_aaaa_aaah
dict_aaaa_aaah.aae,aae,INTEGER,,,,2,altitude,海拔,,,dict_aaaa_aaah
dict_aaaa_aaah.aaf,aaf,SMALLINT,,,,,product_facilities_id,产品使用范围编号,dict_aaaa_aaab.aaa,,dict_aaaa_aaah
dict_aaaa_aaah.aag,aag,VARCHAR,50        ,,,,function_loc,功能位置编码,,,dict_aaaa_aaah
dict_aaaa_aaah.aah,aah,VARCHAR,20        ,,,,post_code,邮编,,,dict_aaaa_aaah
dict_aaaa_aaah.aai,aai,VARCHAR,10        ,,,,time_zone,时区,,,dict_aaaa_aaah
dict_aaaa_aaah.aaj,aaj,REAL,,,,,geo_longitude,经度,,,dict_aaaa_aaah
dict_aaaa_aaah.aak,aak,REAL,,,,,geo_latitude,纬度,,,dict_aaaa_aaah
dict_aaaa_aaah.aal,aal,CHAR,1         ,,,,redundancy,冗余,,,dict_aaaa_aaah
dict_aaaa_aaah.aam,aam,CHAR,1         ,,,,redundancy,冗余,,,dict_aaaa_aaah
dict_aaaa_aaah.aan,aan,CHAR,1         ,,,,redundancy,冗余,,,dict_aaaa_aaah
dict_aaaa_aaai.aaa,aaa,VARCHAR,30        ,,,,product_id,产品编码,,,dict_aaaa_aaai
dict_aaaa_aaai.aab,aab,SMALLINT,,,,,product_category_id,产品类型编号,dict_aaaa_aaaa.aaa,,dict_aaaa_aaai
dict_aaaa_aaai.aac,aac,VARCHAR,30        ,,,,product_line_id,产品线编号,dict_aaaa_aaac.aaa,,dict_aaaa_aaai
dict_aaaa_aaai.aad,aad,VARCHAR,10        ,,,,sap_id,SAP系统编码,dict_aaaa_aaax.aaa,,dict_aaaa_aaai
dict_aaaa_aaai.aae,aae,VARCHAR,30        ,,,,equnr,设备号,,,dict_aaaa_aaai
dict_aaaa_aaai.aaf,aaf,CHAR,1         ,,,,stop_or_run,启停状态,,,dict_aaaa_aaai
dict_aaaa_aaai.aag,aag,TIMESTAMP,,,,,stop_since,停用时间,,,dict_aaaa_aaai
dict_aaaa_aaai.aah,aah,VARCHAR,5         ,,,,status,当前状态,,,dict_aaaa_aaai
dict_aaaa_aaai.aai,aai,CHAR,1         ,,,,redundancy,冗余,,,dict_aaaa_aaai
dict_aaaa_aaai.aaj,aaj,CHAR,1         ,,,,redundancy,冗余,,,dict_aaaa_aaai
dict_aaaa_aaai.aak,aak,CHAR,1         ,,,,redundancy,冗余,,,dict_aaaa_aaai
dict_aaaa_aaaj.aaa,aaa,VARCHAR,30        ,,,,product_id,产品编码,dict_aaaa_aaai.aaa,,dict_aaaa_aaaj
dict_aaaa_aaaj.aab,aab,INTEGER,,,,,rated_load,额定载重,,,dict_aaaa_aaaj
dict_aaaa_aaaj.aac,aac,INTEGER,,,,,width_of_car,轿厢宽,,,dict_aaaa_aaaj
dict_aaaa_aaaj.aad,aad,INTEGER,,,,,depth_of_car,轿厢深,,,dict_aaaa_aaaj
dict_aaaa_aaaj.aae,aae,INTEGER,,,,,height_of_car,轿厢高,,,dict_aaaa_aaaj
dict_aaaa_aaaj.aaf,aaf,VARCHAR,50        ,,,,car_door_type_id,轿厢门类型ID,dict_aaaa_aabh.aaa,,dict_aaaa_aaaj
dict_aaaa_aaaj.aag,aag,CHAR,10        ,,,,traction_ratio,曳引比,,,dict_aaaa_aaaj
dict_aaaa_aaaj.aah,aah,REAL,,,,,rated_speed,额度速度,,,dict_aaaa_aaaj
dict_aaaa_aaaj.aai,aai,SMALLINT,,,,,number_of_stops,停层站数,,,dict_aaaa_aaaj
dict_aaaa_aaaj.aaj,aaj,REAL,,,,,travel_height,提升高度,,,dict_aaaa_aaaj
dict_aaaa_aaaj.aak,aak,SMALLINT,,,,,head_room_height,顶层高度,,,dict_aaaa_aaaj
dict_aaaa_aaaj.aal,aal,SMALLINT,,,,,pit_depth,底坑深度,,,dict_aaaa_aaaj
dict_aaaa_aaaj.aam,aam,SMALLINT,,,,,well_width,井道宽,,,dict_aaaa_aaaj
dict_aaaa_aaaj.aan,aan,SMALLINT,,,,,well_depth,井道深,,,dict_aaaa_aaaj
dict_aaaa_aaaj.aao,aao,SMALLINT,,,,,use_classification_id,用途分类ID,dict_aaaa_aaak.aaa,,dict_aaaa_aaaj
dict_aaaa_aaaj.aap,aap,SMALLINT,,,,,speed_classifiaction_id,速度分类ID,dict_aaaa_aaal.aaa,,dict_aaaa_aaaj
dict_aaaa_aaaj.aaq,aaq,CHAR,7         ,,,,sap_type_id,SAP设备分类ID,dict_aaaa_aaay.aaa,,dict_aaaa_aaaj
dict_aaaa_aaaj.aar,aar,SMALLINT,,,,,speed_control_id,变速系统ID,dict_aaaa_aaan.aaa,,dict_aaaa_aaaj
dict_aaaa_aaaj.aas,aas,SMALLINT,,,,,drag_form_id,拖动形式ID,dict_aaaa_aaao.aaa,,dict_aaaa_aaaj
dict_aaaa_aaaj.aat,aat,VARCHAR,20        ,,,,machine_type_id,曳引机类型ID,dict_aaaa_aabe.aaa,,dict_aaaa_aaaj
dict_aaaa_aaaj.aau,aau,SMALLINT,,,,,number_car_doors,轿厢门数量,,,dict_aaaa_aaaj
dict_aaaa_aaaj.aav,aav,VARCHAR,30        ,,,,controller_type_id,控制器类型ID,dict_aaaa_aabf.aaa,,dict_aaaa_aaaj
dict_aaaa_aaaj.aaw,aaw,VARCHAR,50        ,,,,drive_type_id,驱动器类型ID,dict_aaaa_aabg.aaa,,dict_aaaa_aaaj
dict_aaaa_aaaj.aax,aax,VARCHAR,50        ,,,,gear_type_id,齿轮类型ID,dict_aaaa_aabj.aaa,,dict_aaaa_aaaj
dict_aaaa_aaaj.aay,aay,SMALLINT,,,,,group_size,群控数量,,,dict_aaaa_aaaj
dict_aaaa_aaaj.aaz,aaz,SMALLINT,,,,,main_floor_level,主停楼层,,,dict_aaaa_aaaj
dict_aaaa_aaaj.aba,aba,BOOLEAN,,,,,preopening,提前开门,,,dict_aaaa_aaaj
dict_aaaa_aaaj.abb,abb,BOOLEAN,,,,,reduced_pit,带减速坑,,,dict_aaaa_aaaj
dict_aaaa_aaaj.abc,abc,BOOLEAN,,,,,short_headroom,小型顶层,,,dict_aaaa_aaaj
dict_aaaa_aaaj.abd,abd,VARCHAR,8         ,,,,environmentid,环境ID,dict_aaaa_aabd.aaa,,dict_aaaa_aaaj
dict_aaaa_aaaj.abe,abe,VARCHAR,20        ,,,,gateway_type,网关类型,,,dict_aaaa_aaaj
dict_aaaa_aaaj.abf,abf,CHAR,1         ,,,,redundancy,冗余,,,dict_aaaa_aaaj
dict_aaaa_aaaj.abg,abg,CHAR,1         ,,,,redundancy,冗余,,,dict_aaaa_aaaj
dict_aaaa_aaaj.abh,abh,CHAR,1         ,,,,redundancy,冗余,,,dict_aaaa_aaaj
dict_aaaa_aaak.aaa,aaa,SMALLINT,,,,,use_classification_id,用途分类ID,,,dict_aaaa_aaak
dict_aaaa_aaak.aab,aab,VARCHAR,100       ,,,,chinese_use_classification,用途分类中文,,,dict_aaaa_aaak
dict_aaaa_aaak.aac,aac,VARCHAR,100       ,,,,english_use_classification,用途分类英文,,,dict_aaaa_aaak
dict_aaaa_aaak.aad,aad,CHAR,1         ,,,,redundancy,冗余,,,dict_aaaa_aaak
dict_aaaa_aaak.aae,aae,CHAR,1         ,,,,redundancy,冗余,,,dict_aaaa_aaak
dict_aaaa_aaak.aaf,aaf,CHAR,1         ,,,,redundancy,冗余,,,dict_aaaa_aaak
dict_aaaa_aaal.aaa,aaa,SMALLINT,,,,,speed_classifiaction_id,速度分类ID,,,dict_aaaa_aaal
dict_aaaa_aaal.aab,aab,VARCHAR,100       ,,,,chinese_speed_classification,速度分类中文,,,dict_aaaa_aaal
dict_aaaa_aaal.aac,aac,VARCHAR,100       ,,,,english_speed_classification,速度分类英文,,,dict_aaaa_aaal
dict_aaaa_aaal.aad,aad,SMALLINT,,,,,limited_speed,极限速度,,,dict_aaaa_aaal
dict_aaaa_aaal.aae,aae,CHAR,1         ,,,,redundancy,冗余,,,dict_aaaa_aaal
dict_aaaa_aaal.aaf,aaf,CHAR,1         ,,,,redundancy,冗余,,,dict_aaaa_aaal
dict_aaaa_aaal.aag,aag,CHAR,1         ,,,,redundancy,冗余,,,dict_aaaa_aaal
dict_aaaa_aaam.aaa,aaa,SMALLINT,,,,,energy_classification_id,动力系统分类ID,,,dict_aaaa_aaam
dict_aaaa_aaam.aab,aab,VARCHAR,100       ,,,,chinese_energy_classification,动力系统分类中文,,,dict_aaaa_aaam
dict_aaaa_aaam.aac,aac,VARCHAR,100       ,,,,english_energy_classification,动力系统分类英文,,,dict_aaaa_aaam
dict_aaaa_aaam.aad,aad,CHAR,1         ,,,,redundancy,冗余,,,dict_aaaa_aaam
dict_aaaa_aaam.aae,aae,CHAR,1         ,,,,redundancy,冗余,,,dict_aaaa_aaam
dict_aaaa_aaam.aaf,aaf,CHAR,1         ,,,,redundancy,冗余,,,dict_aaaa_aaam
dict_aaaa_aaan.aaa,aaa,SMALLINT,,,,,speed_control_id,变速系统ID,,,dict_aaaa_aaan
dict_aaaa_aaan.aab,aab,VARCHAR,100       ,,,,speed_control_chinese,变速系统中文,,,dict_aaaa_aaan
dict_aaaa_aaan.aac,aac,VARCHAR,100       ,,,,speed_control_englist,变速系统英文,,,dict_aaaa_aaan
dict_aaaa_aaan.aad,aad,CHAR,1         ,,,,redundancy,冗余,,,dict_aaaa_aaan
dict_aaaa_aaan.aae,aae,CHAR,1         ,,,,redundancy,冗余,,,dict_aaaa_aaan
dict_aaaa_aaan.aaf,aaf,CHAR,1         ,,,,redundancy,冗余,,,dict_aaaa_aaan
dict_aaaa_aaao.aaa,aaa,SMALLINT,,,,,drag_form_id,拖动形式ID,,,dict_aaaa_aaao
dict_aaaa_aaao.aab,aab,VARCHAR,100       ,,,,drag_form_chinese,拖动形式中文,,,dict_aaaa_aaao
dict_aaaa_aaao.aac,aac,VARCHAR,100       ,,,,drag_form_english,拖动形式英文,,,dict_aaaa_aaao
dict_aaaa_aaao.aad,aad,CHAR,1         ,,,,redundancy,冗余,,,dict_aaaa_aaao
dict_aaaa_aaao.aae,aae,CHAR,1         ,,,,redundancy,冗余,,,dict_aaaa_aaao
dict_aaaa_aaao.aaf,aaf,CHAR,1         ,,,,redundancy,冗余,,,dict_aaaa_aaao
dict_aaaa_aaap.aaa,aaa,CHAR,1         ,,,,ag,召回AG_ID,,,dict_aaaa_aaap
dict_aaaa_aaap.aab,aab,VARCHAR,50        ,,,,ag_text,召回AG_text,,,dict_aaaa_aaap
dict_aaaa_aaap.aac,aac,CHAR,1         ,,,,redundancy,冗余,,,dict_aaaa_aaap
dict_aaaa_aaap.aad,aad,CHAR,1         ,,,,redundancy,冗余,,,dict_aaaa_aaap
dict_aaaa_aaap.aae,aae,CHAR,1         ,,,,redundancy,冗余,,,dict_aaaa_aaap
dict_aaaa_aaaq.aaa,aaa,SMALLINT,,,,,a_code_id,召回原因SCS_A_ID,,,dict_aaaa_aaaq
dict_aaaa_aaaq.aab,aab,VARCHAR,100       ,,,,a_code_text,召回原因,,,dict_aaaa_aaaq
dict_aaaa_aaaq.aac,aac,CHAR,1         ,,,,ag,召回AG_ID,dict_aaaa_aaap.aaa,,dict_aaaa_aaaq
dict_aaaa_aaaq.aad,aad,CHAR,1         ,,,,redundancy,冗余,,,dict_aaaa_aaaq
dict_aaaa_aaaq.aae,aae,CHAR,1         ,,,,redundancy,冗余,,,dict_aaaa_aaaq
dict_aaaa_aaaq.aaf,aaf,CHAR,1         ,,,,redundancy,冗余,,,dict_aaaa_aaaq
dict_aaaa_aaar.aaa,aaa,VARCHAR,2         ,,,,bg,召回组件BG_ID,,,dict_aaaa_aaar
dict_aaaa_aaar.aab,aab,VARCHAR,50        ,,,,bg_text,召回组件BG_text,,,dict_aaaa_aaar
dict_aaaa_aaar.aac,aac,CHAR,1         ,,,,redundancy,冗余,,,dict_aaaa_aaar
dict_aaaa_aaar.aad,aad,CHAR,1         ,,,,redundancy,冗余,,,dict_aaaa_aaar
dict_aaaa_aaar.aae,aae,CHAR,1         ,,,,redundancy,冗余,,,dict_aaaa_aaar
dict_aaaa_aaas.aaa,aaa,VARCHAR,3         ,,,,b_code_id,召回组件B_ID,,,dict_aaaa_aaas
dict_aaaa_aaas.aab,aab,VARCHAR,100       ,,,,b_code_text,召回涉及组件,,,dict_aaaa_aaas
dict_aaaa_aaas.aac,aac,VARCHAR,2         ,,,,bg,召回组件BG_ID,dict_aaaa_aaar.aaa,,dict_aaaa_aaas
dict_aaaa_aaas.aad,aad,CHAR,1         ,,,,redundancy,冗余,,,dict_aaaa_aaas
dict_aaaa_aaas.aae,aae,CHAR,1         ,,,,redundancy,冗余,,,dict_aaaa_aaas
dict_aaaa_aaas.aaf,aaf,CHAR,1         ,,,,redundancy,冗余,,,dict_aaaa_aaas
dict_aaaa_aaat.aaa,aaa,SMALLINT,,,,,c_code_id,错误类型C_ID,,,dict_aaaa_aaat
dict_aaaa_aaat.aab,aab,VARCHAR,50        ,,,,c_code_text,召回错误类型,,,dict_aaaa_aaat
dict_aaaa_aaat.aac,aac,CHAR,1         ,,,,redundancy,冗余,,,dict_aaaa_aaat
dict_aaaa_aaat.aad,aad,CHAR,1         ,,,,redundancy,冗余,,,dict_aaaa_aaat
dict_aaaa_aaat.aae,aae,CHAR,1         ,,,,redundancy,冗余,,,dict_aaaa_aaat
dict_aaaa_aaau.aaa,aaa,SMALLINT,,,,,callback_status_id,召回状态码,,,dict_aaaa_aaau
dict_aaaa_aaau.aab,aab,VARCHAR,10        ,,,,callback_status,召回状态,,,dict_aaaa_aaau
dict_aaaa_aaau.aac,aac,VARCHAR,100       ,,,,callback_status_describe,召回状态描述,,,dict_aaaa_aaau
dict_aaaa_aaau.aad,aad,CHAR,1         ,,,,redundancy,冗余,,,dict_aaaa_aaau
dict_aaaa_aaau.aae,aae,CHAR,1         ,,,,redundancy,冗余,,,dict_aaaa_aaau
dict_aaaa_aaau.aaf,aaf,CHAR,1         ,,,,redundancy,冗余,,,dict_aaaa_aaau
dict_aaaa_aaav.aaa,aaa,VARCHAR,30        ,,,,product_id,产品编码,dict_aaaa_aaai.aaa,,dict_aaaa_aaav
dict_aaaa_aaav.aab,aab,DATE,,,,,handover_date,交付时间,,,dict_aaaa_aaav
dict_aaaa_aaav.aac,aac,CHAR,1         ,,,,spras,语言代码,,,dict_aaaa_aaav
dict_aaaa_aaav.aad,aad,VARCHAR,4         ,,,,bukrs,SAP公司代码,dict_aaaa_aaaz.aaa,,dict_aaaa_aaav
dict_aaaa_aaav.aae,aae,INTEGER,,,,,t_workcenter_id,工作中心ID,,,dict_aaaa_aaav
dict_aaaa_aaav.aaf,aaf,INTEGER,,,,,t_contract_id,合同ID,,,dict_aaaa_aaav
dict_aaaa_aaav.aag,aag,VARCHAR,20        ,,,,contract_type,合同类型,,,dict_aaaa_aaav
dict_aaaa_aaav.aah,aah,TIMESTAMP,1         ,,,,changed_date_time,改变日期时间,,,dict_aaaa_aaav
dict_aaaa_aaav.aai,aai,VARCHAR,4         ,,,,kg,KG编码,dict_aaaa_aaba.aaa,,dict_aaaa_aaav
dict_aaaa_aaav.aak,aak,SMALLINT,,,,,salesofficeid,销售办公室ID,dict_aaaa_aabb.aaa,,dict_aaaa_aaav
dict_aaaa_aaav.aal,aal,SMALLINT,,,,,rmp_lang_id,RMP语言ID,dict_aaaa_aabc.aaa,,dict_aaaa_aaav
dict_aaaa_aaav.aam,aam,CHAR,1         ,,,,redundancy,冗余,,,dict_aaaa_aaav
dict_aaaa_aaav.aan,aan,CHAR,1         ,,,,redundancy,冗余,,,dict_aaaa_aaav
dict_aaaa_aaav.aao,aao,CHAR,1         ,,,,redundancy,冗余,,,dict_aaaa_aaav
dict_aaaa_aaaw.aaa,aaa,VARCHAR,8         ,,,,technicain_id,技术员ID,,,dict_aaaa_aaaw
dict_aaaa_aaaw.aab,aab,DATE,,,,,onboard_date,入职日期,,,dict_aaaa_aaaw
dict_aaaa_aaaw.aac,aac,DATE,,,,,leave_date,离职日期,,,dict_aaaa_aaaw
dict_aaaa_aaaw.aad,aad,CHAR,1         ,,,,redundancy,冗余,,,dict_aaaa_aaaw
dict_aaaa_aaaw.aae,aae,CHAR,1         ,,,,redundancy,冗余,,,dict_aaaa_aaaw
dict_aaaa_aaaw.aaf,aaf,CHAR,1         ,,,,redundancy,冗余,,,dict_aaaa_aaaw
dict_aaaa_aaax.aaa,aaa,VARCHAR,10        ,,,,sap_id,SAP系统编码,,,dict_aaaa_aaax
dict_aaaa_aaax.aab,aab,VARCHAR,100       ,,,,sap_system_note,SAP系统备注,,,dict_aaaa_aaax
dict_aaaa_aaax.aac,aac,CHAR,1         ,,,,redundancy,冗余,,,dict_aaaa_aaax
dict_aaaa_aaax.aad,aad,CHAR,1         ,,,,redundancy,冗余,,,dict_aaaa_aaax
dict_aaaa_aaax.aae,aae,CHAR,1         ,,,,redundancy,冗余,,,dict_aaaa_aaax
dict_aaaa_aaay.aaa,aaa,CHAR,7         ,,,,sap_type_id,SAP设备分类ID,,,dict_aaaa_aaay
dict_aaaa_aaay.aab,aab,VARCHAR,100       ,,,,equipment_description,设备描述,,,dict_aaaa_aaay
dict_aaaa_aaay.aac,aac,CHAR,1         ,,,,redundancy,冗余,,,dict_aaaa_aaay
dict_aaaa_aaay.aad,aad,CHAR,1         ,,,,redundancy,冗余,,,dict_aaaa_aaay
dict_aaaa_aaay.aae,aae,CHAR,1         ,,,,redundancy,冗余,,,dict_aaaa_aaay
dict_aaaa_aaaz.aaa,aaa,VARCHAR,4         ,,,,bukrs,SAP公司代码,,,dict_aaaa_aaaz
dict_aaaa_aaaz.aab,aab,VARCHAR,50        ,,,,bukrs_description,公司代码描述,,,dict_aaaa_aaaz
dict_aaaa_aaaz.aac,aac,CHAR,2         ,,,1,iso_country_code,ISO国家代码,,,dict_aaaa_aaaz
dict_aaaa_aaaz.aad,aad,VARCHAR,5         ,,,2,bukrs_group,BUKRS组,,,dict_aaaa_aaaz
dict_aaaa_aaaz.aae,aae,BOOLEAN,,,,,sa,未知,,,dict_aaaa_aaaz
dict_aaaa_aaaz.aaf,aaf,CHAR,1         ,,,,redundancy,冗余,,,dict_aaaa_aaaz
dict_aaaa_aaaz.aag,aag,CHAR,1         ,,,,redundancy,冗余,,,dict_aaaa_aaaz
dict_aaaa_aaaz.aai,aai,CHAR,1         ,,,,redundancy,冗余,,,dict_aaaa_aaaz
dict_aaaa_aaba.aaa,aaa,VARCHAR,4         ,,,,kg,KG编码,,,dict_aaaa_aaba
dict_aaaa_aaba.aab,aab,SMALLINT,,,,,mandt,MANDT未知,,,dict_aaaa_aaba
dict_aaaa_aaba.aac,aac,VARCHAR,50        ,,,,kg_description,KG注释,,,dict_aaaa_aaba
dict_aaaa_aaba.aad,aad,VARCHAR,10        ,,,,sap_id,SAP系统编码,dict_aaaa_aaax.aaa,,dict_aaaa_aaba
dict_aaaa_aaba.aae,aae,SMALLINT,,,,,sap_mandt,SAP_MANDT未知,,,dict_aaaa_aaba
dict_aaaa_aaba.aaf,aaf,VARCHAR,10        ,,,,def_tz_name,KG时区名,,,dict_aaaa_aaba
dict_aaaa_aaba.aag,aag,VARCHAR,10        ,,,,def_windows_lcid,Windows语言,,,dict_aaaa_aaba
dict_aaaa_aaba.aah,aah,CHAR,1         ,,,,redundancy,冗余,,,dict_aaaa_aaba
dict_aaaa_aaba.aai,aai,CHAR,1         ,,,,redundancy,冗余,,,dict_aaaa_aaba
dict_aaaa_aaba.aaj,aaj,CHAR,1         ,,,,redundancy,冗余,,,dict_aaaa_aaba
dict_aaaa_aabb.aaa,aaa,SMALLINT,,,,,salesofficeid,销售办公室ID,,,dict_aaaa_aabb
dict_aaaa_aabb.aab,aab,VARCHAR,10        ,,,,sap_id,SAP系统编码,dict_aaaa_aaax.aaa,,dict_aaaa_aabb
dict_aaaa_aabb.aac,aac,VARCHAR,4         ,,,,sales_office_bukrs,销售办公室SAP编码,,,dict_aaaa_aabb
dict_aaaa_aabb.aad,aad,VARCHAR,50        ,,,,bezei,销售办公室名称,,,dict_aaaa_aabb
dict_aaaa_aabb.aae,aae,VARCHAR,55        ,,,,vkbur_bezei,公司_办公室代码,,,dict_aaaa_aabb
dict_aaaa_aabb.aaf,aaf,CHAR,1         ,,,,redundancy,冗余,,,dict_aaaa_aabb
dict_aaaa_aabb.aag,aag,CHAR,1         ,,,,redundancy,冗余,,,dict_aaaa_aabb
dict_aaaa_aabb.aah,aah,CHAR,1         ,,,,redundancy,冗余,,,dict_aaaa_aabb
dict_aaaa_aabc.aaa,aaa,SMALLINT,,,,,rmp_lang_id,RMP语言ID,,,dict_aaaa_aabc
dict_aaaa_aabc.aab,aab,VARCHAR,50        ,,,,rmp_lang_description,RMP语言描述,,,dict_aaaa_aabc
dict_aaaa_aabc.aac,aac,SMALLINT,,,,,rmcc_lang,RMCC语言,,,dict_aaaa_aabc
dict_aaaa_aabc.aad,aad,CHAR,5         ,,,,windows_lcid,WINDOWS语言编码识别,,,dict_aaaa_aabc
dict_aaaa_aabc.aae,aae,CHAR,2         ,,,,windows_lang_code,WINDOWS语言编码,,,dict_aaaa_aabc
dict_aaaa_aabc.aaf,aaf,CHAR,2         ,,,,sap_lang,SAP语言,,,dict_aaaa_aabc
dict_aaaa_aabc.aag,aag,CHAR,1         ,,,,sap_abbrev,SAP语言简写,,,dict_aaaa_aabc
dict_aaaa_aabc.aah,aah,SMALLINT,,,,,rmcc_lang_default,默认的RMCC语言,,,dict_aaaa_aabc
dict_aaaa_aabc.aai,aai,CHAR,1         ,,,,redundancy,冗余,,,dict_aaaa_aabc
dict_aaaa_aabc.aaj,aaj,CHAR,1         ,,,,redundancy,冗余,,,dict_aaaa_aabc
dict_aaaa_aabc.aak,aak,CHAR,1         ,,,,redundancy,冗余,,,dict_aaaa_aabc
dict_aaaa_aabd.aaa,aaa,VARCHAR,8         ,,,,environmentid,环境ID,,,dict_aaaa_aabd
dict_aaaa_aabd.aab,aab,VARCHAR,10        ,,,,sap_id,SAP系统编码,dict_aaaa_aaax.aaa,,dict_aaaa_aabd
dict_aaaa_aabd.aac,aac,VARCHAR,100       ,,,,environment_desc,环境描述,,,dict_aaaa_aabd
dict_aaaa_aabd.aad,aad,CHAR,1         ,,,,redundancy,冗余,,,dict_aaaa_aabd
dict_aaaa_aabd.aae,aae,CHAR,1         ,,,,redundancy,冗余,,,dict_aaaa_aabd
dict_aaaa_aabd.aaf,aaf,CHAR,1         ,,,,redundancy,冗余,,,dict_aaaa_aabd
dict_aaaa_aabe.aaa,aaa,VARCHAR,20        ,,,,machine_type_id,曳引机类型ID,,,dict_aaaa_aabe
dict_aaaa_aabe.aab,aab,VARCHAR,80        ,,,1,machine_type_desc,曳引机类型描述,,,dict_aaaa_aabe
dict_aaaa_aabe.aac,aac,CHAR,1         ,,,,redundancy,冗余,,,dict_aaaa_aabe
dict_aaaa_aabe.aad,aad,CHAR,1         ,,,,redundancy,冗余,,,dict_aaaa_aabe
dict_aaaa_aabe.aae,aae,CHAR,1         ,,,,redundancy,冗余,,,dict_aaaa_aabe
dict_aaaa_aabf.aaa,aaa,VARCHAR,30        ,,,,controller_type_id,控制器类型ID,,,dict_aaaa_aabf
dict_aaaa_aabf.aab,aab,VARCHAR,100       ,,,,controller_type_desc,控制器类型描述,,,dict_aaaa_aabf
dict_aaaa_aabf.aac,aac,CHAR,1         ,,,,redundancy,冗余,,,dict_aaaa_aabf
dict_aaaa_aabf.aad,aad,CHAR,1         ,,,,redundancy,冗余,,,dict_aaaa_aabf
dict_aaaa_aabf.aae,aae,CHAR,1         ,,,,redundancy,冗余,,,dict_aaaa_aabf
dict_aaaa_aabg.aaa,aaa,VARCHAR,50        ,,,,drive_type_id,驱动器类型ID,,,dict_aaaa_aabg
dict_aaaa_aabg.aab,aab,VARCHAR,50        ,,,,drive_type_desc,驱动器类型描述,,,dict_aaaa_aabg
dict_aaaa_aabg.aac,aac,CHAR,1         ,,,,redundancy,冗余,,,dict_aaaa_aabg
dict_aaaa_aabg.aad,aad,CHAR,1         ,,,,redundancy,冗余,,,dict_aaaa_aabg
dict_aaaa_aabg.aae,aae,CHAR,1         ,,,,redundancy,冗余,,,dict_aaaa_aabg
dict_aaaa_aabh.aaa,aaa,VARCHAR,50        ,,,,car_door_type_id,轿厢门类型ID,,,dict_aaaa_aabh
dict_aaaa_aabh.aab,aab,VARCHAR,80        ,,,,car_door_type_desc,轿厢门类型描述,,,dict_aaaa_aabh
dict_aaaa_aabh.aac,aac,CHAR,1         ,,,,redundancy,冗余,,,dict_aaaa_aabh
dict_aaaa_aabh.aad,aad,CHAR,1         ,,,,redundancy,冗余,,,dict_aaaa_aabh
dict_aaaa_aabh.aae,aae,CHAR,1         ,,,,redundancy,冗余,,,dict_aaaa_aabh
dict_aaaa_aabi.aaa,aaa,CHAR,2         ,,,,alpha2_code,ALPHA2国家编码,,,dict_aaaa_aabi
dict_aaaa_aabi.aab,aab,CHAR,3         ,,UNIQUE,1,alpha3_code,ALPHA3国家编码,,,dict_aaaa_aabi
dict_aaaa_aabi.aac,aac,VARCHAR,50        ,,,,country_or_area_name,国家名称,,,dict_aaaa_aabi
dict_aaaa_aabi.aad,aad,SMALLINT,,,UNIQUE,2,numeric_code,联合国国家数字编码,,,dict_aaaa_aabi
dict_aaaa_aabi.aae,aae,CHAR,1         ,,,,redundancy,冗余,,,dict_aaaa_aabi
dict_aaaa_aabi.aaf,aaf,CHAR,1         ,,,,redundancy,冗余,,,dict_aaaa_aabi
dict_aaaa_aabi.aag,aag,CHAR,1         ,,,,redundancy,冗余,,,dict_aaaa_aabi
dict_aaaa_aabj.aaa,aaa,VARCHAR,50        ,,,,gear_type_id,齿轮类型ID,,,dict_aaaa_aabj
dict_aaaa_aabj.aab,aab,VARCHAR,100       ,,,,gear_description,齿轮类型描述,,,dict_aaaa_aabj
dict_aaaa_aabj.aac,aac,CHAR,1         ,,,,redundancy,冗余,,,dict_aaaa_aabj
dict_aaaa_aabj.aad,aad,CHAR,1         ,,,,redundancy,冗余,,,dict_aaaa_aabj
dict_aaaa_aabj.aae,aae,CHAR,1         ,,,,redundancy,冗余,,,dict_aaaa_aabj
dict_aaaa_aabk.aaa,aaa,SMALLINT,,,,,job_status_id,CBK状态ID,,,dict_aaaa_aabk
dict_aaaa_aabk.aab,aab,SMALLINT,,,,,callback_status_id,召回状态码,dict_aaaa_aaau.aaa,,dict_aaaa_aabk
dict_aaaa_aabl.aaa,aaa,SMALLINT,,,,,scsag_id,SCSAG_ID,,,dict_aaaa_aabl
dict_aaaa_aabl.aab,aab,CHAR,1         ,,,,ag,召回AG_ID,dict_aaaa_aaap.aaa,,dict_aaaa_aabl
dict_aaaa_aabm.aaa,aaa,SMALLINT,,,,,scsbg_id,SCSBG_ID,,,dict_aaaa_aabm
dict_aaaa_aabm.aab,aab,VARCHAR,2         ,,,,bg,召回组件BG_ID,dict_aaaa_aaar.aaa,,dict_aaaa_aabm
dict_aaaa_aabn.aaa,aaa,SMALLINT,,,,,scsc_id,SCSC_ID,,,dict_aaaa_aabn
dict_aaaa_aabn.aab,aab,SMALLINT,,,,,c_code_id,错误类型C_ID,dict_aaaa_aaat.aaa,,dict_aaaa_aabn
dict_aaaa_aabo.aaa,aaa,SMALLINT,,,,,scsa_id,SCSA_ID,,,dict_aaaa_aabo
dict_aaaa_aabo.aab,aab,SMALLINT,,,,,a_code_id,召回原因SCS_A_ID,dict_aaaa_aaaq.aaa,,dict_aaaa_aabo
dict_aaaa_aabp.aaa,aaa,SMALLINT,,,,,scsb_id,SCSB_ID,,,dict_aaaa_aabp
dict_aaaa_aabp.aab,aab,VARCHAR,3         ,,,,b_code_id,召回组件B_ID,dict_aaaa_aaas.aaa,,dict_aaaa_aabp
dict_aaaa_aabq.aaa,aaa,VARCHAR,30        ,,,,product_id,产品编码,dict_aaaa_aaai.aaa,,dict_aaaa_aabq
dict_aaaa_aabr.aaa,aaa,CHAR,4         ,,,1,code,代码,dict_aaaa_aabt.aaa,,dict_aaaa_aabr
dict_aaaa_aabr.aab,aab,CHAR,4         ,,,2,subcode,子代码,,,dict_aaaa_aabr
dict_aaaa_aabr.aac,aac,VARCHAR,100       ,,,,message_name,消息名,,,dict_aaaa_aabr
dict_aaaa_aabr.aad,aad,VARCHAR,20        ,,,,class_name,消息类型,,,dict_aaaa_aabr
dict_aaaa_aabr.aae,aae,CHAR,1         ,,,,Redundancy,冗余,,,dict_aaaa_aabr
dict_aaaa_aabr.aaf,aaf,CHAR,1         ,,,,Redundancy,冗余,,,dict_aaaa_aabr
dict_aaaa_aabr.aag,aag,CHAR,1         ,,,,Redundancy,冗余,,,dict_aaaa_aabr
dict_aaaa_aabs.aaa,aaa,CHAR,2         ,,,,servitel_controller_code,Servitel控制器代码,,,dict_aaaa_aabs
dict_aaaa_aabs.aab,aab,VARCHAR,20        ,,,,servitel_controller_description,Servitel控制器描述,,,dict_aaaa_aabs
dict_aaaa_aabs.aac,aac,CHAR,1         ,,,,Redundancy,冗余,,,dict_aaaa_aabs
dict_aaaa_aabs.aad,aad,CHAR,1         ,,,,Redundancy,冗余,,,dict_aaaa_aabs
dict_aaaa_aabs.aae,aae,CHAR,1         ,,,,Redundancy,冗余,,,dict_aaaa_aabs
dict_aaaa_aabt.aaa,aaa,CHAR,4         ,,,,code,代码,,,dict_aaaa_aabt
dict_aaaa_aabt.aab,aab,CHAR,2         ,,,,servitel_controller_code,Servitel控制器代码,dict_aaaa_aabs.aaa,,dict_aaaa_aabt
dict_aaaa_aabt.aac,aac,CHAR,2         ,,,1,controller_severity_code,消息等级代码,,,dict_aaaa_aabt
dict_aaaa_aabt.aad,aad,VARCHAR,50        ,,,,Description,描述,,,dict_aaaa_aabt
dict_aaaa_aabt.aae,aae,CHAR,1         ,,,,Redundancy,冗余,,,dict_aaaa_aabt
dict_aaaa_aabt.aaf,aaf,CHAR,1         ,,,,Redundancy,冗余,,,dict_aaaa_aabt
dict_aaaa_aabt.aag,aag,CHAR,1         ,,,,Redundancy,冗余,,,dict_aaaa_aabt
oper_aaaa_aaaa.aaa,aaa,VARCHAR,20        ,,,,notification_id,回召ID,,,oper_aaaa_aaaa
oper_aaaa_aaaa.aab,aab,VARCHAR,30        ,,,1,product_id,产品编码,dict_aaaa_aaai.aaa,,oper_aaaa_aaaa
oper_aaaa_aaaa.aac,aac,TIMESTAMP,,,,,created_utc,创建时间UTC,,,oper_aaaa_aaaa
oper_aaaa_aaaa.aad,aad,TIMESTAMP,,,,,created_local,创建时间当地,,,oper_aaaa_aaaa
oper_aaaa_aaaa.aae,aae,BOOLEAN,,,,,cbk_is_cb2,CB2类型,,,oper_aaaa_aaaa
oper_aaaa_aaaa.aaf,aaf,TIMESTAMP,,,,,arrival_local_time,技术员到达时间,,,oper_aaaa_aaaa
oper_aaaa_aaaa.aag,aag,TIMESTAMP,,,,,departure_local_time,技术员离开时间,,,oper_aaaa_aaaa
oper_aaaa_aaaa.aah,aah,VARCHAR,40        ,,,,caller_name,召回人,,,oper_aaaa_aaaa
oper_aaaa_aaaa.aai,aai,BOOLEAN,,,,,cbk_person,是否困人,,,oper_aaaa_aaaa
oper_aaaa_aaaa.aaj,aaj,BOOLEAN,,,,,cbk_blocked,是否阻塞,,,oper_aaaa_aaaa
oper_aaaa_aaaa.aak,aak,BOOLEAN,,,,,deleted,CBK是否删除,,,oper_aaaa_aaaa
oper_aaaa_aaaa.aal,aal,SMALLINT,,,,,job_status_id,CBK状态ID,dict_aaaa_aabk.aaa,,oper_aaaa_aaaa
oper_aaaa_aaaa.aam,aam,SMALLINT,,,,,scsag_id,SCSAG_ID,dict_aaaa_aabl.aaa,,oper_aaaa_aaaa
oper_aaaa_aaaa.aan,aan,SMALLINT,,,,,scsbg_id,SCSBG_ID,dict_aaaa_aabm.aaa,,oper_aaaa_aaaa
oper_aaaa_aaaa.aao,aao,SMALLINT,,,,,scsc_id,SCSC_ID,dict_aaaa_aabn.aaa,,oper_aaaa_aaaa
oper_aaaa_aaaa.aap,aap,SMALLINT,,,,,scsa_id,SCSA_ID,dict_aaaa_aabo.aaa,,oper_aaaa_aaaa
oper_aaaa_aaaa.aaq,aaq,SMALLINT,,,,,scsb_id,SCSB_ID,dict_aaaa_aabp.aaa,,oper_aaaa_aaaa
oper_aaaa_aaaa.aar,aar,TIMESTAMP,,,,,back_in_service_date_local,设备恢复时间,,,oper_aaaa_aaaa
oper_aaaa_aaaa.aas,aas,CHAR,1         ,,,,redundancy,冗余,,,oper_aaaa_aaaa
oper_aaaa_aaaa.aat,aat,CHAR,1         ,,,,redundancy,冗余,,,oper_aaaa_aaaa
oper_aaaa_aaaa.aau,aau,CHAR,1         ,,,,redundancy,冗余,,,oper_aaaa_aaaa
msys_aaaa_aaav.aaa,aaa,CHAR,7         ,,,,Role ID,角色ID,msys_aaaa_aaah.aaa,,msys_aaaa_aaav
oper_aaaa_aaab.aaa,aaa,VARCHAR,20        ,,,,notification_id,回召ID,oper_aaaa_aaaa.aaa,,oper_aaaa_aaab
oper_aaaa_aaab.aab,aab,VARCHAR,30        ,,,1,product_id,产品编码,dict_aaaa_aaai.aaa,,oper_aaaa_aaab
oper_aaaa_aaab.aac,aac,VARCHAR,10        ,,,,sap_id,SAP系统编码,dict_aaaa_aaax.aaa,,oper_aaaa_aaab
oper_aaaa_aaab.aad,aad,TIMESTAMP,,,,2,last_job_datetime,上次CBK日期时间,,,oper_aaaa_aaab
oper_aaaa_aaab.aae,aae,TIMESTAMP,,,,3,current_job_datetime,本次CBK日期时间,,,oper_aaaa_aaab
oper_aaaa_aaab.aaf,aaf,CHAR,1         ,,,,redundancy,冗余,,,oper_aaaa_aaab
oper_aaaa_aaab.aag,aag,CHAR,1         ,,,,redundancy,冗余,,,oper_aaaa_aaab
oper_aaaa_aaab.aah,aah,CHAR,1         ,,,,redundancy,冗余,,,oper_aaaa_aaab
oper_aaaa_aaac.aaa,aaa,VARCHAR,30        ,,,1,product_id,产品编码,dict_aaaa_aaai.aaa,,oper_aaaa_aaac
oper_aaaa_aaac.aab,aab,TIMESTAMP,,,,2,event_time,事件时刻,,,oper_aaaa_aaac
oper_aaaa_aaac.aac,aac,INTEGER,,,,,cumulative_trip_value,累计运行次数,,,oper_aaaa_aaac
oper_aaaa_aaac.aad,aad,CHAR,1         ,,,,Redundancy,冗余,,,oper_aaaa_aaac
oper_aaaa_aaac.aae,aae,CHAR,1         ,,,,Redundancy,冗余,,,oper_aaaa_aaac
oper_aaaa_aaac.aaf,aaf,CHAR,1         ,,,,Redundancy,冗余,,,oper_aaaa_aaac
oper_aaaa_aaad.aaa,aaa,VARCHAR,30        ,,,1,product_id,产品编码,dict_aaaa_aaai.aaa,,oper_aaaa_aaad
oper_aaaa_aaad.aab,aab,TIMESTAMP,,,,2,event_time,事件时刻,,,oper_aaaa_aaad
oper_aaaa_aaad.aac,aac,INTEGER,,,,,cumulative_trip_time,累计运行时间,,,oper_aaaa_aaad
oper_aaaa_aaad.aad,aad,CHAR,1         ,,,,Redundancy,冗余,,,oper_aaaa_aaad
oper_aaaa_aaad.aae,aae,CHAR,1         ,,,,Redundancy,冗余,,,oper_aaaa_aaad
oper_aaaa_aaad.aaf,aaf,CHAR,1         ,,,,Redundancy,冗余,,,oper_aaaa_aaad
oper_aaaa_aaae.aaa,aaa,VARCHAR,30        ,,,1,product_id,产品编码,dict_aaaa_aaai.aaa,,oper_aaaa_aaae
oper_aaaa_aaae.aab,aab,TIMESTAMP,,,,2,event_time,事件时刻,,,oper_aaaa_aaae
oper_aaaa_aaae.aac,aac,CHAR,4         ,,,,code,代码,dict_aaaa_aabt.aaa,,oper_aaaa_aaae
oper_aaaa_aaae.aad,aad,CHAR,4         ,,,,subcode,子代码,,,oper_aaaa_aaae
oper_aaaa_aaae.aae,aae,CHAR,1         ,,,,Redundancy,冗余,,,oper_aaaa_aaae
oper_aaaa_aaae.aaf,aaf,CHAR,1         ,,,,Redundancy,冗余,,,oper_aaaa_aaae
oper_aaaa_aaae.aag,aag,CHAR,1         ,,,,Redundancy,冗余,,,oper_aaaa_aaae
oper_aaaa_aaaf.aaa,aaa,VARCHAR,30        ,,,,product_id,产品编码,dict_aaaa_aaai.aaa,,oper_aaaa_aaaf
oper_aaaa_aaaf.aab,aab,TIMESTAMP,,,,,event_time,事件时刻,,,oper_aaaa_aaaf
oper_aaaa_aaaf.aac,aac,CHAR,4         ,,,,code,代码,dict_aaaa_aabt.aaa,,oper_aaaa_aaaf
oper_aaaa_aaaf.aad,aad,CHAR,4         ,,,,subcode,子代码,,,oper_aaaa_aaaf
oper_aaaa_aaaf.aae,aae,CHAR,1         ,,,,Redundancy,冗余,,,oper_aaaa_aaaf
oper_aaaa_aaaf.aaf,aaf,CHAR,1         ,,,,Redundancy,冗余,,,oper_aaaa_aaaf
oper_aaaa_aaaf.aag,aag,CHAR,1         ,,,,Redundancy,冗余,,,oper_aaaa_aaaf
oper_aaaa_aaag.aaa,aaa,VARCHAR,30        ,,,,product_id,产品编码,dict_aaaa_aaai.aaa,,oper_aaaa_aaag
oper_aaaa_aaag.aab,aab,TIMESTAMP,,,,,event_time,事件时刻,,,oper_aaaa_aaag
oper_aaaa_aaag.aac,aac,CHAR,4         ,,,,code,代码,dict_aaaa_aabt.aaa,,oper_aaaa_aaag
oper_aaaa_aaag.aad,aad,CHAR,4         ,,,,subcode,子代码,,,oper_aaaa_aaag
oper_aaaa_aaag.aae,aae,CHAR,1         ,,,,Redundancy,冗余,,,oper_aaaa_aaag
oper_aaaa_aaag.aaf,aaf,CHAR,1         ,,,,Redundancy,冗余,,,oper_aaaa_aaag
oper_aaaa_aaag.aag,aag,CHAR,1         ,,,,Redundancy,冗余,,,oper_aaaa_aaag
oper_aaaa_aaah.aaa,aaa,VARCHAR,30        ,,,1,product_id,产品编码,dict_aaaa_aaai.aaa,,oper_aaaa_aaah
oper_aaaa_aaah.aab,aab,TIMESTAMP,,,,2,event_time_start,开始统计时间,,,oper_aaaa_aaah
oper_aaaa_aaah.aac,aac,TIMESTAMP,,,,3,event_time_end,结束统计时间,,,oper_aaaa_aaah
oper_aaaa_aaah.aad,aad,INTEGER,,,,,delta_trip_count,运行次数,,,oper_aaaa_aaah
oper_aaaa_aaah.aae,aae,CHAR,1         ,,,,Redundancy,冗余,,,oper_aaaa_aaah
oper_aaaa_aaah.aaf,aaf,CHAR,1         ,,,,Redundancy,冗余,,,oper_aaaa_aaah
oper_aaaa_aaah.aag,aag,CHAR,1         ,,,,Redundancy,冗余,,,oper_aaaa_aaah
oper_aaaa_aaai.aaa,aaa,VARCHAR,30        ,,,1,product_id,产品编码,dict_aaaa_aaai.aaa,,oper_aaaa_aaai
oper_aaaa_aaai.aab,aab,DATE,,,,2,event_date_start,开始日期,,,oper_aaaa_aaai
oper_aaaa_aaai.aac,aac,DATE,,,,3,event_date_end,结束日期,,,oper_aaaa_aaai
oper_aaaa_aaai.aad,aad,INTEGER,,,,,cumulative_trip_time,累计运行时间,,,oper_aaaa_aaai
oper_aaaa_aaai.aae,aae,INTEGER,,,,,delta_trip_time,间隔时间,,,oper_aaaa_aaai
oper_aaaa_aaai.aaf,aaf,CHAR,1         ,,,,Redundancy,冗余,,,oper_aaaa_aaai
oper_aaaa_aaai.aag,aag,CHAR,1         ,,,,Redundancy,冗余,,,oper_aaaa_aaai
oper_aaaa_aaai.aah,aah,CHAR,1         ,,,,Redundancy,冗余,,,oper_aaaa_aaai
msys_aaaa_aaao.aah,aah,CHAR,7         ,,,,Form or Report ID,窗体或报表ID,msys_aaaa_aaar.aaa,,msys_aaaa_aaao
msys_aaaa_aaay.aac,aac,VARCHAR,100       ,,,,Chinese Name,中文释义,,,msys_aaaa_aaay
msys_aaaa_aaay.aad,aad,VARCHAR,250       ,,,,Description,功能描述,,,msys_aaaa_aaay
msys_aaaa_aaay.aae,aae,CHAR,14        ,,,,Data Source ID,数据源ID,,,msys_aaaa_aaay
msys_aaaa_aaah.aag,aag,BOOLEAN,,,,,Select,选择,,,msys_aaaa_aaah
msys_aaaa_aaay.aaa,aaa,CHAR,7         ,,,,Report ID,报告ID,,,msys_aaaa_aaay
msys_aaaa_aaay.aab,aab,VARCHAR,100       ,,,,English Name,英文释义,,,msys_aaaa_aaay
msys_aaaa_aaah.aah,aah,BOOLEAN,,,,,Created,已创建,,,msys_aaaa_aaah
msys_aaaa_aaaa.aan,aan,BOOLEAN,,,,,Select,选择,,,msys_aaaa_aaaa
msys_aaaa_aaaa.aao,aao,BOOLEAN,,,,,Created,已创建,,,msys_aaaa_aaaa
msys_aaaa_aaaa.aap,aap,BOOLEAN,,,,,Imported,已导入,,,msys_aaaa_aaaa
msys_aaaa_aaag.aah,aah,BOOLEAN,,,,,Select,选择,,,msys_aaaa_aaag
msys_aaaa_aaag.aai,aai,BOOLEAN,,,,,Created,已创建,,,msys_aaaa_aaag
msys_aaaa_aaaf.aae,aae,CHAR,7         ,,,,Window ID,窗体ID,msys_aaaa_aaar.aaa,,msys_aaaa_aaaf
msys_aaaa_aaak.aad,aad,CHAR,3         ,,,,WinRpt Control Type ID,窗体报表控件类型ID,msys_aaaa_aaat.aaa,,msys_aaaa_aaak
msys_aaaa_aaak.aae,aae,CHAR,7         ,,,,Report ID,报告ID,msys_aaaa_aaay.aaa,,msys_aaaa_aaak
msys_aaaa_aaai.aac,aac,CHAR,7         ,,,,Role ID,角色ID,msys_aaaa_aaah.aaa,,msys_aaaa_aaai
